Title,Description,Link,Media URL,Pinterest board,Publish date
Free 16 Addition Math Worksheet For Grade 1 With Answers | Printable Practice,Printable Addition worksheet designed for Grade 1 students. Easy and fun math practice.,https://mathworksheetkidsbank.github.io/html/free-16-addition-math-worksheet-for-grade-1-with-answers-2635.html,https://mathworksheetkidsbank.github.io/images/free-16-addition-math-worksheet-for-grade-1-with-answers-2635.jpg,Math Practice Printables,03/17/2026 08:33:00 AM
Kindergarten Count and Color Shapes Worksheet,Help kids master Count and Color with this printable worksheet for Kindergarten. Great for daily math practice.,https://mathworksheetkidsbank.github.io/html/kindergarten-count-and-color-shapes-worksheet-1514.html,https://mathworksheetkidsbank.github.io/images/kindergarten-count-and-color-shapes-worksheet-1514.jpg,Printable Worksheets,03/17/2026 11:00:00 AM
Free Counting Objects Worksheet For Pre-K Printable - Part 3 | Printable Practice,Free printable Counting Objects worksheet for Pre-K. Perfect for homeschool practice and classroom activities.,https://mathworksheetkidsbank.github.io/html/free-counting-objects-worksheet-for-pre-k-printable-part-3-3765.html,https://mathworksheetkidsbank.github.io/images/free-counting-objects-worksheet-for-pre-k-printable-part-3-3765.jpg,Elementary Math Activities,03/17/2026 01:24:00 PM
Grade 1 Division Practice Worksheet (12 Problems) - Part 4 | Printable Practice,Printable Division worksheet designed for Grade 1 students. Easy and fun math practice.,https://mathworksheetkidsbank.github.io/html/grade-1-division-practice-worksheet-12-problems-part-4-5776.html,https://mathworksheetkidsbank.github.io/images/grade-1-division-practice-worksheet-12-problems-part-4-5776.jpg,Kids Math Worksheets,03/17/2026 04:34:00 PM
Interactive General Math Quiz Test Worksheet,Free printable Math worksheet for Math. Perfect for homeschool practice and classroom activities.,https://mathworksheetkidsbank.github.io/html/interactive-general-math-quiz-test-worksheet-7283.html,https://mathworksheetkidsbank.github.io/images/interactive-general-math-quiz-test-worksheet-7283.jpg,Homeschool Math,03/17/2026 08:31:00 PM
Missing Number Math Worksheet,Fun and engaging Missing Number worksheet for Grade 1. Perfect printable math practice.,https://mathworksheetkidsbank.github.io/html/missing-number-math-worksheet-1550.html,https://mathworksheetkidsbank.github.io/images/missing-number-math-worksheet-1550.jpg,Homeschool Math,03/18/2026 08:33:00 AM
Mixed Operations Math Worksheet,Printable Mixed Operations worksheet designed for Grade 3 students. Easy and fun math practice.,https://mathworksheetkidsbank.github.io/html/mixed-operations-math-worksheet-1163.html,https://mathworksheetkidsbank.github.io/images/mixed-operations-math-worksheet-1163.jpg,Printable Worksheets,03/18/2026 11:00:00 AM
Free 13 Multiplication Math Worksheet For Grade 2 - Part 8 | Printable Practice,Fun and engaging Multiplication worksheet for Grade 2. Perfect printable math practice.,https://mathworksheetkidsbank.github.io/html/free-13-multiplication-math-worksheet-for-grade-2-part-8-5130.html,https://mathworksheetkidsbank.github.io/images/free-13-multiplication-math-worksheet-for-grade-2-part-8-5130.jpg,Printable Worksheets,03/18/2026 01:24:00 PM
Grade 2 Subtraction Practice Worksheet (29 Problems) - Part 9 | Printable Practice,Teachers and parents love this Subtraction worksheet for Grade 2. Download and print instantly.,https://mathworksheetkidsbank.github.io/html/grade-2-subtraction-practice-worksheet-29-problems-part-9-4204.html,https://mathworksheetkidsbank.github.io/images/grade-2-subtraction-practice-worksheet-29-problems-part-9-4204.jpg,Homeschool Math,03/18/2026 04:35:00 PM
Grade 3 Multiplication Table 8 Practice - Part 10 | Printable Practice,Fun and engaging Times Table worksheet for Grade 3. Perfect printable math practice.,https://mathworksheetkidsbank.github.io/html/grade-3-multiplication-table-8-practice-part-10-5024.html,https://mathworksheetkidsbank.github.io/images/grade-3-multiplication-table-8-practice-part-10-5024.jpg,Elementary Math Activities,03/18/2026 08:36:00 PM
Printable Tracing Worksheet For Kids - Part 11 | Free Printable,Printable Tracing worksheet designed for Kindergarten students. Easy and fun math practice.,https://mathworksheetkidsbank.github.io/html/printable-tracing-worksheet-for-kids-part-11-5733.html,https://mathworksheetkidsbank.github.io/images/printable-tracing-worksheet-for-kids-part-11-5733.jpg,Kids Math Worksheets,03/19/2026 08:35:00 AM
Math Word Problem Worksheet,Fun and engaging Word Problem worksheet for Grade 3. Perfect printable math practice.,https://mathworksheetkidsbank.github.io/html/math-word-problem-worksheet-7744.html,https://mathworksheetkidsbank.github.io/images/math-word-problem-worksheet-7744.jpg,Printable Worksheets,03/19/2026 11:02:00 AM
Grade 3 Addition Practice Worksheet (23 Problems) - Part 13 | Printable Practice,Free printable Addition worksheet for Grade 3. Perfect for homeschool practice and classroom activities.,https://mathworksheetkidsbank.github.io/html/grade-3-addition-practice-worksheet-23-problems-part-13-5697.html,https://mathworksheetkidsbank.github.io/images/grade-3-addition-practice-worksheet-23-problems-part-13-5697.jpg,Homeschool Math,03/19/2026 01:24:00 PM
Grade 1 Count and Color Shapes Worksheet,Help kids master Count and Color with this printable worksheet for Grade 1. Great for daily math practice.,https://mathworksheetkidsbank.github.io/html/grade-1-count-and-color-shapes-worksheet-4169.html,https://mathworksheetkidsbank.github.io/images/grade-1-count-and-color-shapes-worksheet-4169.jpg,Printable Worksheets,03/19/2026 04:35:00 PM
Free Counting Objects Worksheet For Kindergarten - Part 15 | Printable Practice,Help kids master Counting Objects with this printable worksheet for Kindergarten. Great for daily math practice.,https://mathworksheetkidsbank.github.io/html/free-counting-objects-worksheet-for-kindergarten-part-15-7998.html,https://mathworksheetkidsbank.github.io/images/free-counting-objects-worksheet-for-kindergarten-part-15-7998.jpg,Kids Math Worksheets,03/19/2026 08:27:00 PM
Free 20 Division Math Worksheet For Grade 1 With Answers - Part 16 | Printable Practice,Fun and engaging Division worksheet for Grade 1. Perfect printable math practice.,https://mathworksheetkidsbank.github.io/html/free-20-division-math-worksheet-for-grade-1-with-answers-part-16-8674.html,https://mathworksheetkidsbank.github.io/images/free-20-division-math-worksheet-for-grade-1-with-answers-part-16-8674.jpg,Math Practice Printables,03/20/2026 08:23:00 AM
4 Mathematics Quiz Practice Worksheet,Printable Math worksheet designed for Math students. Easy and fun math practice.,https://mathworksheetkidsbank.github.io/html/4-mathematics-quiz-practice-worksheet-1248.html,https://mathworksheetkidsbank.github.io/images/4-mathematics-quiz-practice-worksheet-1248.jpg,Math Practice Printables,03/20/2026 11:04:00 AM
Missing Number Math Worksheet,Fun and engaging Missing Number worksheet for Grade 1. Perfect printable math practice.,https://mathworksheetkidsbank.github.io/html/missing-number-math-worksheet-8078.html,https://mathworksheetkidsbank.github.io/images/missing-number-math-worksheet-8078.jpg,Kids Math Worksheets,03/20/2026 01:29:00 PM
Mixed Operations Math Worksheet,Teachers and parents love this Mixed Operations worksheet for Grade 3. Download and print instantly.,https://mathworksheetkidsbank.github.io/html/mixed-operations-math-worksheet-4040.html,https://mathworksheetkidsbank.github.io/images/mixed-operations-math-worksheet-4040.jpg,Homeschool Math,03/20/2026 04:35:00 PM
Grade 2 Multiplication Practice Worksheet (23 Problems) - Part 20 | Printable Practice,Printable Multiplication worksheet designed for Grade 2 students. Easy and fun math practice.,https://mathworksheetkidsbank.github.io/html/grade-2-multiplication-practice-worksheet-23-problems-part-20-1011.html,https://mathworksheetkidsbank.github.io/images/grade-2-multiplication-practice-worksheet-23-problems-part-20-1011.jpg,Math Practice Printables,03/20/2026 08:30:00 PM
Printable Free 14 Subtraction Math Worksheet For Grade 2 - Part 21 | Printable Practice,Fun and engaging Subtraction worksheet for Grade 2. Perfect printable math practice.,https://mathworksheetkidsbank.github.io/html/printable-free-14-subtraction-math-worksheet-for-grade-2-part-21-9819.html,https://mathworksheetkidsbank.github.io/images/printable-free-14-subtraction-math-worksheet-for-grade-2-part-21-9819.jpg,Homeschool Math,03/21/2026 08:30:00 AM
Printable 8 Times Table Worksheet For Grade 3 - Part 22 | Printable Practice,Teachers and parents love this Times Table worksheet for Grade 3. Download and print instantly.,https://mathworksheetkidsbank.github.io/html/printable-8-times-table-worksheet-for-grade-3-part-22-3086.html,https://mathworksheetkidsbank.github.io/images/printable-8-times-table-worksheet-for-grade-3-part-22-3086.jpg,Kids Math Worksheets,03/21/2026 11:00:00 AM
Printable Tracing Worksheet For Kids - Part 23 | Free Printable,Printable Tracing worksheet designed for Preschool students. Easy and fun math practice.,https://mathworksheetkidsbank.github.io/html/printable-tracing-worksheet-for-kids-part-23-6353.html,https://mathworksheetkidsbank.github.io/images/printable-tracing-worksheet-for-kids-part-23-6353.jpg,Printable Worksheets,03/21/2026 01:23:00 PM
Math Word Problem Worksheet,Help kids master Word Problem with this printable worksheet for Grade 3. Great for daily math practice.,https://mathworksheetkidsbank.github.io/html/math-word-problem-worksheet-3846.html,https://mathworksheetkidsbank.github.io/images/math-word-problem-worksheet-3846.jpg,Kids Math Worksheets,03/21/2026 04:23:00 PM
Printable Free 27 Addition Math Worksheet For Grade 5 - Part 25 | Printable Practice,Printable Addition worksheet designed for Grade 5 students. Easy and fun math practice.,https://mathworksheetkidsbank.github.io/html/printable-free-27-addition-math-worksheet-for-grade-5-part-25-4751.html,https://mathworksheetkidsbank.github.io/images/printable-free-27-addition-math-worksheet-for-grade-5-part-25-4751.jpg,Math Practice Printables,03/21/2026 08:26:00 PM
Printable Count and Color Worksheet for Preschool Kids,Teachers and parents love this Count and Color worksheet for Preschool. Download and print instantly.,https://mathworksheetkidsbank.github.io/html/printable-count-and-color-worksheet-for-preschool-kids-8337.html,https://mathworksheetkidsbank.github.io/images/printable-count-and-color-worksheet-for-preschool-kids-8337.jpg,Elementary Math Activities,03/22/2026 08:33:00 AM
Free Counting Objects Worksheet For Kindergarten Printable - Part 27 | Printable Practice,Teachers and parents love this Counting Objects worksheet for Kindergarten. Download and print instantly.,https://mathworksheetkidsbank.github.io/html/free-counting-objects-worksheet-for-kindergarten-printable-part-27-8735.html,https://mathworksheetkidsbank.github.io/images/free-counting-objects-worksheet-for-kindergarten-printable-part-27-8735.jpg,Printable Worksheets,03/22/2026 11:05:00 AM
Grade 1 Division Practice Worksheet (20 Problems) - Part 28 | Printable Practice,Fun and engaging Division worksheet for Grade 1. Perfect printable math practice.,https://mathworksheetkidsbank.github.io/html/grade-1-division-practice-worksheet-20-problems-part-28-5348.html,https://mathworksheetkidsbank.github.io/images/grade-1-division-practice-worksheet-20-problems-part-28-5348.jpg,Elementary Math Activities,03/22/2026 01:34:00 PM
Free Printable Math Knowledge Test Worksheet (7 Questions),Printable Math worksheet designed for Math students. Easy and fun math practice.,https://mathworksheetkidsbank.github.io/html/free-printable-math-knowledge-test-worksheet-7-questions-2989.html,https://mathworksheetkidsbank.github.io/images/free-printable-math-knowledge-test-worksheet-7-questions-2989.jpg,Printable Worksheets,03/22/2026 04:23:00 PM
Missing Number Math Worksheet,Free printable Missing Number worksheet for Grade 1. Perfect for homeschool practice and classroom activities.,https://mathworksheetkidsbank.github.io/html/missing-number-math-worksheet-3269.html,https://mathworksheetkidsbank.github.io/images/missing-number-math-worksheet-3269.jpg,Elementary Math Activities,03/22/2026 08:37:00 PM
Mixed Operations Math Worksheet,Free printable Mixed Operations worksheet for Grade 3. Perfect for homeschool practice and classroom activities.,https://mathworksheetkidsbank.github.io/html/mixed-operations-math-worksheet-2318.html,https://mathworksheetkidsbank.github.io/images/mixed-operations-math-worksheet-2318.jpg,Kids Math Worksheets,03/23/2026 08:36:00 AM
Grade 1 Multiplication Practice Worksheet (22 Problems) - Part 32 | Printable Practice,Fun and engaging Multiplication worksheet for Grade 1. Perfect printable math practice.,https://mathworksheetkidsbank.github.io/html/grade-1-multiplication-practice-worksheet-22-problems-part-32-4592.html,https://mathworksheetkidsbank.github.io/images/grade-1-multiplication-practice-worksheet-22-problems-part-32-4592.jpg,Elementary Math Activities,03/23/2026 11:00:00 AM
Grade 2 Subtraction Practice Worksheet (14 Problems) - Part 33 | Printable Practice,Teachers and parents love this Subtraction worksheet for Grade 2. Download and print instantly.,https://mathworksheetkidsbank.github.io/html/grade-2-subtraction-practice-worksheet-14-problems-part-33-1350.html,https://mathworksheetkidsbank.github.io/images/grade-2-subtraction-practice-worksheet-14-problems-part-33-1350.jpg,Homeschool Math,03/23/2026 01:31:00 PM
Printable 12 Times Table Worksheet For Grade 4 - Part 34 | Printable Practice,Teachers and parents love this Times Table worksheet for Grade 4. Download and print instantly.,https://mathworksheetkidsbank.github.io/html/printable-12-times-table-worksheet-for-grade-4-part-34-4149.html,https://mathworksheetkidsbank.github.io/images/printable-12-times-table-worksheet-for-grade-4-part-34-4149.jpg,Kids Math Worksheets,03/23/2026 04:31:00 PM
Printable Tracing Worksheet For Kids - Part 35 | Free Printable,Teachers and parents love this Tracing worksheet for Kindergarten. Download and print instantly.,https://mathworksheetkidsbank.github.io/html/printable-tracing-worksheet-for-kids-part-35-2440.html,https://mathworksheetkidsbank.github.io/images/printable-tracing-worksheet-for-kids-part-35-2440.jpg,Printable Worksheets,03/23/2026 08:26:00 PM
Math Word Problem Worksheet,Help kids master Word Problem with this printable worksheet for Grade 3. Great for daily math practice.,https://mathworksheetkidsbank.github.io/html/math-word-problem-worksheet-6394.html,https://mathworksheetkidsbank.github.io/images/math-word-problem-worksheet-6394.jpg,Elementary Math Activities,03/24/2026 08:36:00 AM
Free 14 Addition Math Worksheet For Grade 1 With Answers - Part 37 | Printable Practice,Fun and engaging Addition worksheet for Grade 1. Perfect printable math practice.,https://mathworksheetkidsbank.github.io/html/free-14-addition-math-worksheet-for-grade-1-with-answers-part-37-7681.html,https://mathworksheetkidsbank.github.io/images/free-14-addition-math-worksheet-for-grade-1-with-answers-part-37-7681.jpg,Math Practice Printables,03/24/2026 11:00:00 AM
Free Kindergarten Count and Color Worksheet,Printable Count and Color worksheet designed for Kindergarten students. Easy and fun math practice.,https://mathworksheetkidsbank.github.io/html/free-kindergarten-count-and-color-worksheet-2009.html,https://mathworksheetkidsbank.github.io/images/free-kindergarten-count-and-color-worksheet-2009.jpg,Elementary Math Activities,03/24/2026 01:34:00 PM
Learn Counting With Pictures Worksheet (Kindergarten) - Part 39 | Printable Practice,Free printable Counting Objects worksheet for Kindergarten. Perfect for homeschool practice and classroom activities.,https://mathworksheetkidsbank.github.io/html/learn-counting-with-pictures-worksheet-kindergarten-part-39-5208.html,https://mathworksheetkidsbank.github.io/images/learn-counting-with-pictures-worksheet-kindergarten-part-39-5208.jpg,Homeschool Math,03/24/2026 04:38:00 PM
Printable Free 28 Division Math Worksheet For Grade 2 - Part 40 | Printable Practice,Teachers and parents love this Division worksheet for Grade 2. Download and print instantly.,https://mathworksheetkidsbank.github.io/html/printable-free-28-division-math-worksheet-for-grade-2-part-40-4885.html,https://mathworksheetkidsbank.github.io/images/printable-free-28-division-math-worksheet-for-grade-2-part-40-4885.jpg,Homeschool Math,03/24/2026 08:26:00 PM
Challenging General Math Quiz Worksheet (4 Questions),Help kids master Math with this printable worksheet for Math. Great for daily math practice.,https://mathworksheetkidsbank.github.io/html/challenging-general-math-quiz-worksheet-4-questions-8184.html,https://mathworksheetkidsbank.github.io/images/challenging-general-math-quiz-worksheet-4-questions-8184.jpg,Elementary Math Activities,03/25/2026 08:35:00 AM
Missing Number Math Worksheet,Teachers and parents love this Missing Number worksheet for Grade 1. Download and print instantly.,https://mathworksheetkidsbank.github.io/html/missing-number-math-worksheet-3156.html,https://mathworksheetkidsbank.github.io/images/missing-number-math-worksheet-3156.jpg,Homeschool Math,03/25/2026 11:03:00 AM
Mixed Operations Math Worksheet,Free printable Mixed Operations worksheet for Grade 3. Perfect for homeschool practice and classroom activities.,https://mathworksheetkidsbank.github.io/html/mixed-operations-math-worksheet-2915.html,https://mathworksheetkidsbank.github.io/images/mixed-operations-math-worksheet-2915.jpg,Homeschool Math,03/25/2026 01:35:00 PM
Grade 2 Multiplication Practice Worksheet (16 Problems) - Part 44 | Printable Practice,Free printable Multiplication worksheet for Grade 2. Perfect for homeschool practice and classroom activities.,https://mathworksheetkidsbank.github.io/html/grade-2-multiplication-practice-worksheet-16-problems-part-44-2101.html,https://mathworksheetkidsbank.github.io/images/grade-2-multiplication-practice-worksheet-16-problems-part-44-2101.jpg,Kids Math Worksheets,03/25/2026 04:30:00 PM
Grade 5 Subtraction Practice Worksheet (20 Problems) - Part 45 | Printable Practice,Fun and engaging Subtraction worksheet for Grade 5. Perfect printable math practice.,https://mathworksheetkidsbank.github.io/html/grade-5-subtraction-practice-worksheet-20-problems-part-45-5979.html,https://mathworksheetkidsbank.github.io/images/grade-5-subtraction-practice-worksheet-20-problems-part-45-5979.jpg,Kids Math Worksheets,03/25/2026 08:36:00 PM
5 Times Table Worksheet For Grade 2 With Answers - Part 46 | Printable Practice,Teachers and parents love this Times Table worksheet for Grade 2. Download and print instantly.,https://mathworksheetkidsbank.github.io/html/5-times-table-worksheet-for-grade-2-with-answers-part-46-9948.html,https://mathworksheetkidsbank.github.io/images/5-times-table-worksheet-for-grade-2-with-answers-part-46-9948.jpg,Elementary Math Activities,03/26/2026 08:38:00 AM
Printable Tracing Worksheet For Kids - Part 47 | Free Printable,Free printable Tracing worksheet for Kindergarten. Perfect for homeschool practice and classroom activities.,https://mathworksheetkidsbank.github.io/html/printable-tracing-worksheet-for-kids-part-47-4829.html,https://mathworksheetkidsbank.github.io/images/printable-tracing-worksheet-for-kids-part-47-4829.jpg,Kids Math Worksheets,03/26/2026 11:07:00 AM
Math Word Problem Worksheet,Help kids master Word Problem with this printable worksheet for Grade 3. Great for daily math practice.,https://mathworksheetkidsbank.github.io/html/math-word-problem-worksheet-8077.html,https://mathworksheetkidsbank.github.io/images/math-word-problem-worksheet-8077.jpg,Homeschool Math,03/26/2026 01:27:00 PM
Free 17 Addition Math Worksheet For Grade 5 With Answers - Part 49 | Printable Practice,Free printable Addition worksheet for Grade 5. Perfect for homeschool practice and classroom activities.,https://mathworksheetkidsbank.github.io/html/free-17-addition-math-worksheet-for-grade-5-with-answers-part-49-2205.html,https://mathworksheetkidsbank.github.io/images/free-17-addition-math-worksheet-for-grade-5-with-answers-part-49-2205.jpg,Math Practice Printables,03/26/2026 04:33:00 PM
Free Preschool Count and Color Worksheet,Help kids master Count and Color with this printable worksheet for Preschool. Great for daily math practice.,https://mathworksheetkidsbank.github.io/html/free-preschool-count-and-color-worksheet-3163.html,https://mathworksheetkidsbank.github.io/images/free-preschool-count-and-color-worksheet-3163.jpg,Math Practice Printables,03/26/2026 08:22:00 PM
Free Counting Objects Worksheet For Kindergarten Printable - Part 51 | Printable Practice,Help kids master Counting Objects with this printable worksheet for Kindergarten. Great for daily math practice.,https://mathworksheetkidsbank.github.io/html/free-counting-objects-worksheet-for-kindergarten-printable-part-51-9617.html,https://mathworksheetkidsbank.github.io/images/free-counting-objects-worksheet-for-kindergarten-printable-part-51-9617.jpg,Math Practice Printables,03/27/2026 08:31:00 AM
Free 14 Division Math Worksheet For Grade 2 With Answers - Part 52 | Printable Practice,Fun and engaging Division worksheet for Grade 2. Perfect printable math practice.,https://mathworksheetkidsbank.github.io/html/free-14-division-math-worksheet-for-grade-2-with-answers-part-52-7188.html,https://mathworksheetkidsbank.github.io/images/free-14-division-math-worksheet-for-grade-2-with-answers-part-52-7188.jpg,Homeschool Math,03/27/2026 11:00:00 AM
Practice Mathematics Problem Set for Students (4 Questions),Printable Math worksheet designed for Math students. Easy and fun math practice.,https://mathworksheetkidsbank.github.io/html/practice-mathematics-problem-set-for-students-4-questions-1856.html,https://mathworksheetkidsbank.github.io/images/practice-mathematics-problem-set-for-students-4-questions-1856.jpg,Elementary Math Activities,03/27/2026 01:22:00 PM
Missing Number Math Worksheet,Fun and engaging Missing Number worksheet for Grade 1. Perfect printable math practice.,https://mathworksheetkidsbank.github.io/html/missing-number-math-worksheet-8790.html,https://mathworksheetkidsbank.github.io/images/missing-number-math-worksheet-8790.jpg,Homeschool Math,03/27/2026 04:23:00 PM
Mixed Operations Math Worksheet,Fun and engaging Mixed Operations worksheet for Grade 3. Perfect printable math practice.,https://mathworksheetkidsbank.github.io/html/mixed-operations-math-worksheet-3011.html,https://mathworksheetkidsbank.github.io/images/mixed-operations-math-worksheet-3011.jpg,Printable Worksheets,03/27/2026 08:38:00 PM
Free 12 Multiplication Math Worksheet For Grade 2 With Answers - Part 56 | Printable Practice,Fun and engaging Multiplication worksheet for Grade 2. Perfect printable math practice.,https://mathworksheetkidsbank.github.io/html/free-12-multiplication-math-worksheet-for-grade-2-with-answers-part-56-7856.html,https://mathworksheetkidsbank.github.io/images/free-12-multiplication-math-worksheet-for-grade-2-with-answers-part-56-7856.jpg,Kids Math Worksheets,03/28/2026 08:33:00 AM
Free 17 Subtraction Math Worksheet For Grade 3 With Answers - Part 57 | Printable Practice,Free printable Subtraction worksheet for Grade 3. Perfect for homeschool practice and classroom activities.,https://mathworksheetkidsbank.github.io/html/free-17-subtraction-math-worksheet-for-grade-3-with-answers-part-57-9030.html,https://mathworksheetkidsbank.github.io/images/free-17-subtraction-math-worksheet-for-grade-3-with-answers-part-57-9030.jpg,Elementary Math Activities,03/28/2026 11:06:00 AM
7 Times Table Worksheet For Grade 3 With Answers - Part 58 | Printable Practice,Printable Times Table worksheet designed for Grade 3 students. Easy and fun math practice.,https://mathworksheetkidsbank.github.io/html/7-times-table-worksheet-for-grade-3-with-answers-part-58-9750.html,https://mathworksheetkidsbank.github.io/images/7-times-table-worksheet-for-grade-3-with-answers-part-58-9750.jpg,Elementary Math Activities,03/28/2026 01:23:00 PM
Printable Tracing Worksheet For Kids - Part 59 | Free Printable,Free printable Tracing worksheet for Preschool. Perfect for homeschool practice and classroom activities.,https://mathworksheetkidsbank.github.io/html/printable-tracing-worksheet-for-kids-part-59-2987.html,https://mathworksheetkidsbank.github.io/images/printable-tracing-worksheet-for-kids-part-59-2987.jpg,Printable Worksheets,03/28/2026 04:22:00 PM
Math Word Problem Worksheet,Teachers and parents love this Word Problem worksheet for Grade 3. Download and print instantly.,https://mathworksheetkidsbank.github.io/html/math-word-problem-worksheet-9795.html,https://mathworksheetkidsbank.github.io/images/math-word-problem-worksheet-9795.jpg,Homeschool Math,03/28/2026 08:28:00 PM
Printable Free 28 Addition Math Worksheet For Grade 1 - Part 61 | Printable Practice,Printable Addition worksheet designed for Grade 1 students. Easy and fun math practice.,https://mathworksheetkidsbank.github.io/html/printable-free-28-addition-math-worksheet-for-grade-1-part-61-9598.html,https://mathworksheetkidsbank.github.io/images/printable-free-28-addition-math-worksheet-for-grade-1-part-61-9598.jpg,Math Practice Printables,03/29/2026 08:23:00 AM
Free Preschool Count and Color Worksheet,Printable Count and Color worksheet designed for Preschool students. Easy and fun math practice.,https://mathworksheetkidsbank.github.io/html/free-preschool-count-and-color-worksheet-9016.html,https://mathworksheetkidsbank.github.io/images/free-preschool-count-and-color-worksheet-9016.jpg,Printable Worksheets,03/29/2026 11:07:00 AM
Kindergarten Count The Objects Worksheet - Part 63 | Printable Practice,Printable Counting Objects worksheet designed for Kindergarten students. Easy and fun math practice.,https://mathworksheetkidsbank.github.io/html/kindergarten-count-the-objects-worksheet-part-63-5695.html,https://mathworksheetkidsbank.github.io/images/kindergarten-count-the-objects-worksheet-part-63-5695.jpg,Elementary Math Activities,03/29/2026 01:29:00 PM
Free 27 Division Math Worksheet For Grade 2 With Answers - Part 64 | Printable Practice,Help kids master Division with this printable worksheet for Grade 2. Great for daily math practice.,https://mathworksheetkidsbank.github.io/html/free-27-division-math-worksheet-for-grade-2-with-answers-part-64-2790.html,https://mathworksheetkidsbank.github.io/images/free-27-division-math-worksheet-for-grade-2-with-answers-part-64-2790.jpg,Math Practice Printables,03/29/2026 04:24:00 PM
8 Mathematics Problem Set for Study,Fun and engaging Math worksheet for Math. Perfect printable math practice.,https://mathworksheetkidsbank.github.io/html/8-mathematics-problem-set-for-study-9491.html,https://mathworksheetkidsbank.github.io/images/8-mathematics-problem-set-for-study-9491.jpg,Elementary Math Activities,03/29/2026 08:32:00 PM
Missing Number Math Worksheet,Printable Missing Number worksheet designed for Grade 1 students. Easy and fun math practice.,https://mathworksheetkidsbank.github.io/html/missing-number-math-worksheet-9104.html,https://mathworksheetkidsbank.github.io/images/missing-number-math-worksheet-9104.jpg,Homeschool Math,03/30/2026 08:26:00 AM
Mixed Operations Math Worksheet,Help kids master Mixed Operations with this printable worksheet for Grade 3. Great for daily math practice.,https://mathworksheetkidsbank.github.io/html/mixed-operations-math-worksheet-9024.html,https://mathworksheetkidsbank.github.io/images/mixed-operations-math-worksheet-9024.jpg,Elementary Math Activities,03/30/2026 11:00:00 AM
Free 25 Multiplication Math Worksheet For Grade 2 - Part 68 | Printable Practice,Free printable Multiplication worksheet for Grade 2. Perfect for homeschool practice and classroom activities.,https://mathworksheetkidsbank.github.io/html/free-25-multiplication-math-worksheet-for-grade-2-part-68-7675.html,https://mathworksheetkidsbank.github.io/images/free-25-multiplication-math-worksheet-for-grade-2-part-68-7675.jpg,Printable Worksheets,03/30/2026 01:37:00 PM
Free 23 Subtraction Math Worksheet For Grade 5 - Part 69 | Printable Practice,Fun and engaging Subtraction worksheet for Grade 5. Perfect printable math practice.,https://mathworksheetkidsbank.github.io/html/free-23-subtraction-math-worksheet-for-grade-5-part-69-6919.html,https://mathworksheetkidsbank.github.io/images/free-23-subtraction-math-worksheet-for-grade-5-part-69-6919.jpg,Printable Worksheets,03/30/2026 04:30:00 PM
Printable 8 Times Table Worksheet For Grade 3 - Part 70 | Printable Practice,Free printable Times Table worksheet for Grade 3. Perfect for homeschool practice and classroom activities.,https://mathworksheetkidsbank.github.io/html/printable-8-times-table-worksheet-for-grade-3-part-70-1700.html,https://mathworksheetkidsbank.github.io/images/printable-8-times-table-worksheet-for-grade-3-part-70-1700.jpg,Math Practice Printables,03/30/2026 08:24:00 PM
Printable Tracing Worksheet For Kids - Part 71 | Free Printable,Teachers and parents love this Tracing worksheet for Preschool. Download and print instantly.,https://mathworksheetkidsbank.github.io/html/printable-tracing-worksheet-for-kids-part-71-7065.html,https://mathworksheetkidsbank.github.io/images/printable-tracing-worksheet-for-kids-part-71-7065.jpg,Homeschool Math,03/31/2026 08:37:00 AM
Math Word Problem Worksheet,Free printable Word Problem worksheet for Grade 3. Perfect for homeschool practice and classroom activities.,https://mathworksheetkidsbank.github.io/html/math-word-problem-worksheet-4847.html,https://mathworksheetkidsbank.github.io/images/math-word-problem-worksheet-4847.jpg,Kids Math Worksheets,03/31/2026 11:00:00 AM
Free 11 Addition Math Worksheet For Grade 5 - Part 73 | Printable Practice,Printable Addition worksheet designed for Grade 5 students. Easy and fun math practice.,https://mathworksheetkidsbank.github.io/html/free-11-addition-math-worksheet-for-grade-5-part-73-5658.html,https://mathworksheetkidsbank.github.io/images/free-11-addition-math-worksheet-for-grade-5-part-73-5658.jpg,Kids Math Worksheets,03/31/2026 01:23:00 PM
4 Free Count and Color Worksheets for Preschool,Fun and engaging Count and Color worksheet for Preschool. Perfect printable math practice.,https://mathworksheetkidsbank.github.io/html/4-free-count-and-color-worksheets-for-preschool-5598.html,https://mathworksheetkidsbank.github.io/images/4-free-count-and-color-worksheets-for-preschool-5598.jpg,Printable Worksheets,03/31/2026 04:25:00 PM
Free Counting Objects Worksheet For Pre-K Printable - Part 75 | Printable Practice,Free printable Counting Objects worksheet for Pre-K. Perfect for homeschool practice and classroom activities.,https://mathworksheetkidsbank.github.io/html/free-counting-objects-worksheet-for-pre-k-printable-part-75-6568.html,https://mathworksheetkidsbank.github.io/images/free-counting-objects-worksheet-for-pre-k-printable-part-75-6568.jpg,Homeschool Math,03/31/2026 08:34:00 PM
Free 19 Division Math Worksheet For Grade 2 With Answers - Part 76 | Printable Practice,Teachers and parents love this Division worksheet for Grade 2. Download and print instantly.,https://mathworksheetkidsbank.github.io/html/free-19-division-math-worksheet-for-grade-2-with-answers-part-76-6529.html,https://mathworksheetkidsbank.github.io/images/free-19-division-math-worksheet-for-grade-2-with-answers-part-76-6529.jpg,Kids Math Worksheets,04/01/2026 08:31:00 AM
Complete Math Trivia Quiz Worksheet for Math Learners,Teachers and parents love this Math worksheet for Math. Download and print instantly.,https://mathworksheetkidsbank.github.io/html/complete-math-trivia-quiz-worksheet-for-math-learners-1315.html,https://mathworksheetkidsbank.github.io/images/complete-math-trivia-quiz-worksheet-for-math-learners-1315.jpg,Math Practice Printables,04/01/2026 11:03:00 AM
Missing Number Math Worksheet,Free printable Missing Number worksheet for Grade 1. Perfect for homeschool practice and classroom activities.,https://mathworksheetkidsbank.github.io/html/missing-number-math-worksheet-2953.html,https://mathworksheetkidsbank.github.io/images/missing-number-math-worksheet-2953.jpg,Elementary Math Activities,04/01/2026 01:38:00 PM
Mixed Operations Math Worksheet,Teachers and parents love this Mixed Operations worksheet for Grade 3. Download and print instantly.,https://mathworksheetkidsbank.github.io/html/mixed-operations-math-worksheet-1367.html,https://mathworksheetkidsbank.github.io/images/mixed-operations-math-worksheet-1367.jpg,Printable Worksheets,04/01/2026 04:27:00 PM
Printable Free 16 Multiplication Math Worksheet For Grade 2 - Part 80 | Printable Practice,Printable Multiplication worksheet designed for Grade 2 students. Easy and fun math practice.,https://mathworksheetkidsbank.github.io/html/printable-free-16-multiplication-math-worksheet-for-grade-2-part-80-2738.html,https://mathworksheetkidsbank.github.io/images/printable-free-16-multiplication-math-worksheet-for-grade-2-part-80-2738.jpg,Homeschool Math,04/01/2026 08:38:00 PM
Free 12 Subtraction Math Worksheet For Grade 3 - Part 81 | Printable Practice,Teachers and parents love this Subtraction worksheet for Grade 3. Download and print instantly.,https://mathworksheetkidsbank.github.io/html/free-12-subtraction-math-worksheet-for-grade-3-part-81-7682.html,https://mathworksheetkidsbank.github.io/images/free-12-subtraction-math-worksheet-for-grade-3-part-81-7682.jpg,Elementary Math Activities,04/02/2026 08:37:00 AM
2 Times Table Worksheet For Grade 2 - Part 82 | Printable Practice,Free printable Times Table worksheet for Grade 2. Perfect for homeschool practice and classroom activities.,https://mathworksheetkidsbank.github.io/html/2-times-table-worksheet-for-grade-2-part-82-4886.html,https://mathworksheetkidsbank.github.io/images/2-times-table-worksheet-for-grade-2-part-82-4886.jpg,Math Practice Printables,04/02/2026 11:07:00 AM
Printable Tracing Worksheet For Kids - Part 83 | Free Printable,Help kids master Tracing with this printable worksheet for Kindergarten. Great for daily math practice.,https://mathworksheetkidsbank.github.io/html/printable-tracing-worksheet-for-kids-part-83-6033.html,https://mathworksheetkidsbank.github.io/images/printable-tracing-worksheet-for-kids-part-83-6033.jpg,Printable Worksheets,04/02/2026 01:34:00 PM
Math Word Problem Worksheet,Free printable Word Problem worksheet for Grade 3. Perfect for homeschool practice and classroom activities.,https://mathworksheetkidsbank.github.io/html/math-word-problem-worksheet-4721.html,https://mathworksheetkidsbank.github.io/images/math-word-problem-worksheet-4721.jpg,Homeschool Math,04/02/2026 04:34:00 PM
Free 21 Addition Math Worksheet For Grade 1 With Answers - Part 85 | Printable Practice,Printable Addition worksheet designed for Grade 1 students. Easy and fun math practice.,https://mathworksheetkidsbank.github.io/html/free-21-addition-math-worksheet-for-grade-1-with-answers-part-85-6229.html,https://mathworksheetkidsbank.github.io/images/free-21-addition-math-worksheet-for-grade-1-with-answers-part-85-6229.jpg,Math Practice Printables,04/02/2026 08:35:00 PM
Free Grade 1 Count and Color Worksheet,Teachers and parents love this Count and Color worksheet for Grade 1. Download and print instantly.,https://mathworksheetkidsbank.github.io/html/free-grade-1-count-and-color-worksheet-1260.html,https://mathworksheetkidsbank.github.io/images/free-grade-1-count-and-color-worksheet-1260.jpg,Elementary Math Activities,04/03/2026 08:37:00 AM
Learn Counting With Pictures Worksheet (Kindergarten) - Part 87 | Printable Practice,Free printable Counting Objects worksheet for Kindergarten. Perfect for homeschool practice and classroom activities.,https://mathworksheetkidsbank.github.io/html/learn-counting-with-pictures-worksheet-kindergarten-part-87-7846.html,https://mathworksheetkidsbank.github.io/images/learn-counting-with-pictures-worksheet-kindergarten-part-87-7846.jpg,Math Practice Printables,04/03/2026 11:00:00 AM
Free 27 Division Math Worksheet For Grade 2 - Part 88 | Printable Practice,Free printable Division worksheet for Grade 2. Perfect for homeschool practice and classroom activities.,https://mathworksheetkidsbank.github.io/html/free-27-division-math-worksheet-for-grade-2-part-88-9191.html,https://mathworksheetkidsbank.github.io/images/free-27-division-math-worksheet-for-grade-2-part-88-9191.jpg,Elementary Math Activities,04/03/2026 01:29:00 PM
Advanced Mathematics Practice for Students (4 Questions),Help kids master Math with this printable worksheet for Math. Great for daily math practice.,https://mathworksheetkidsbank.github.io/html/advanced-mathematics-practice-for-students-4-questions-4697.html,https://mathworksheetkidsbank.github.io/images/advanced-mathematics-practice-for-students-4-questions-4697.jpg,Math Practice Printables,04/03/2026 04:24:00 PM
Missing Number Math Worksheet,Teachers and parents love this Missing Number worksheet for Grade 1. Download and print instantly.,https://mathworksheetkidsbank.github.io/html/missing-number-math-worksheet-6800.html,https://mathworksheetkidsbank.github.io/images/missing-number-math-worksheet-6800.jpg,Elementary Math Activities,04/03/2026 08:32:00 PM
Mixed Operations Math Worksheet,Fun and engaging Mixed Operations worksheet for Grade 3. Perfect printable math practice.,https://mathworksheetkidsbank.github.io/html/mixed-operations-math-worksheet-4420.html,https://mathworksheetkidsbank.github.io/images/mixed-operations-math-worksheet-4420.jpg,Math Practice Printables,04/04/2026 08:31:00 AM
Free 26 Multiplication Math Worksheet For Grade 1 - Part 92 | Printable Practice,Teachers and parents love this Multiplication worksheet for Grade 1. Download and print instantly.,https://mathworksheetkidsbank.github.io/html/free-26-multiplication-math-worksheet-for-grade-1-part-92-9684.html,https://mathworksheetkidsbank.github.io/images/free-26-multiplication-math-worksheet-for-grade-1-part-92-9684.jpg,Homeschool Math,04/04/2026 11:00:00 AM
Free 28 Subtraction Math Worksheet For Grade 3 With Answers - Part 93 | Printable Practice,Teachers and parents love this Subtraction worksheet for Grade 3. Download and print instantly.,https://mathworksheetkidsbank.github.io/html/free-28-subtraction-math-worksheet-for-grade-3-with-answers-part-93-1404.html,https://mathworksheetkidsbank.github.io/images/free-28-subtraction-math-worksheet-for-grade-3-with-answers-part-93-1404.jpg,Homeschool Math,04/04/2026 01:24:00 PM
Grade 4 Multiplication Table 12 Practice - Part 94 | Printable Practice,Teachers and parents love this Times Table worksheet for Grade 4. Download and print instantly.,https://mathworksheetkidsbank.github.io/html/grade-4-multiplication-table-12-practice-part-94-7779.html,https://mathworksheetkidsbank.github.io/images/grade-4-multiplication-table-12-practice-part-94-7779.jpg,Homeschool Math,04/04/2026 04:38:00 PM
Printable Tracing Worksheet For Kids - Part 95 | Free Printable,Help kids master Tracing with this printable worksheet for Preschool. Great for daily math practice.,https://mathworksheetkidsbank.github.io/html/printable-tracing-worksheet-for-kids-part-95-5425.html,https://mathworksheetkidsbank.github.io/images/printable-tracing-worksheet-for-kids-part-95-5425.jpg,Homeschool Math,04/04/2026 08:33:00 PM
Math Word Problem Worksheet,Free printable Word Problem worksheet for Grade 3. Perfect for homeschool practice and classroom activities.,https://mathworksheetkidsbank.github.io/html/math-word-problem-worksheet-6747.html,https://mathworksheetkidsbank.github.io/images/math-word-problem-worksheet-6747.jpg,Homeschool Math,04/05/2026 08:24:00 AM
Free 29 Addition Math Worksheet For Grade 1 With Answers - Part 97 | Printable Practice,Help kids master Addition with this printable worksheet for Grade 1. Great for daily math practice.,https://mathworksheetkidsbank.github.io/html/free-29-addition-math-worksheet-for-grade-1-with-answers-part-97-1745.html,https://mathworksheetkidsbank.github.io/images/free-29-addition-math-worksheet-for-grade-1-with-answers-part-97-1745.jpg,Elementary Math Activities,04/05/2026 11:00:00 AM
Free Grade 1 Count and Color Worksheet,Teachers and parents love this Count and Color worksheet for Grade 1. Download and print instantly.,https://mathworksheetkidsbank.github.io/html/free-grade-1-count-and-color-worksheet-9624.html,https://mathworksheetkidsbank.github.io/images/free-grade-1-count-and-color-worksheet-9624.jpg,Math Practice Printables,04/05/2026 01:38:00 PM
Free Counting Objects Worksheet For Pre-K Printable - Part 99 | Printable Practice,Teachers and parents love this Counting Objects worksheet for Pre-K. Download and print instantly.,https://mathworksheetkidsbank.github.io/html/free-counting-objects-worksheet-for-pre-k-printable-part-99-5802.html,https://mathworksheetkidsbank.github.io/images/free-counting-objects-worksheet-for-pre-k-printable-part-99-5802.jpg,Kids Math Worksheets,04/05/2026 04:29:00 PM
Free 28 Division Math Worksheet For Grade 2 - Part 100 | Printable Practice,Help kids master Division with this printable worksheet for Grade 2. Great for daily math practice.,https://mathworksheetkidsbank.github.io/html/free-28-division-math-worksheet-for-grade-2-part-100-5006.html,https://mathworksheetkidsbank.github.io/images/free-28-division-math-worksheet-for-grade-2-part-100-5006.jpg,Printable Worksheets,04/05/2026 08:35:00 PM
7 Math Skill Test Training Worksheet for Practice,Printable Math worksheet designed for Math students. Easy and fun math practice.,https://mathworksheetkidsbank.github.io/html/7-math-skill-test-training-worksheet-for-practice-7890.html,https://mathworksheetkidsbank.github.io/images/7-math-skill-test-training-worksheet-for-practice-7890.jpg,Elementary Math Activities,04/06/2026 08:26:00 AM
Missing Number Math Worksheet,Printable Missing Number worksheet designed for Grade 1 students. Easy and fun math practice.,https://mathworksheetkidsbank.github.io/html/missing-number-math-worksheet-9797.html,https://mathworksheetkidsbank.github.io/images/missing-number-math-worksheet-9797.jpg,Printable Worksheets,04/06/2026 11:00:00 AM
Mixed Operations Math Worksheet,Fun and engaging Mixed Operations worksheet for Grade 3. Perfect printable math practice.,https://mathworksheetkidsbank.github.io/html/mixed-operations-math-worksheet-6334.html,https://mathworksheetkidsbank.github.io/images/mixed-operations-math-worksheet-6334.jpg,Kids Math Worksheets,04/06/2026 01:30:00 PM
Free 29 Multiplication Math Worksheet For Grade 2 - Part 104 | Printable Practice,Teachers and parents love this Multiplication worksheet for Grade 2. Download and print instantly.,https://mathworksheetkidsbank.github.io/html/free-29-multiplication-math-worksheet-for-grade-2-part-104-7328.html,https://mathworksheetkidsbank.github.io/images/free-29-multiplication-math-worksheet-for-grade-2-part-104-7328.jpg,Math Practice Printables,04/06/2026 04:36:00 PM
Free 14 Subtraction Math Worksheet For Grade 2 With Answers - Part 105 | Printable Practice,Teachers and parents love this Subtraction worksheet for Grade 2. Download and print instantly.,https://mathworksheetkidsbank.github.io/html/free-14-subtraction-math-worksheet-for-grade-2-with-answers-part-105-9652.html,https://mathworksheetkidsbank.github.io/images/free-14-subtraction-math-worksheet-for-grade-2-with-answers-part-105-9652.jpg,Printable Worksheets,04/06/2026 08:31:00 PM
6 Times Table Worksheet For Grade 3 With Answers - Part 106 | Printable Practice,Teachers and parents love this Times Table worksheet for Grade 3. Download and print instantly.,https://mathworksheetkidsbank.github.io/html/6-times-table-worksheet-for-grade-3-with-answers-part-106-3462.html,https://mathworksheetkidsbank.github.io/images/6-times-table-worksheet-for-grade-3-with-answers-part-106-3462.jpg,Math Practice Printables,04/07/2026 08:25:00 AM
Printable Tracing Worksheet For Kids - Part 107 | Free Printable,Free printable Tracing worksheet for Preschool. Perfect for homeschool practice and classroom activities.,https://mathworksheetkidsbank.github.io/html/printable-tracing-worksheet-for-kids-part-107-2462.html,https://mathworksheetkidsbank.github.io/images/printable-tracing-worksheet-for-kids-part-107-2462.jpg,Elementary Math Activities,04/07/2026 11:02:00 AM
Math Word Problem Worksheet,Fun and engaging Word Problem worksheet for Grade 3. Perfect printable math practice.,https://mathworksheetkidsbank.github.io/html/math-word-problem-worksheet-2901.html,https://mathworksheetkidsbank.github.io/images/math-word-problem-worksheet-2901.jpg,Homeschool Math,04/07/2026 01:34:00 PM
Grade 3 Addition Practice Worksheet (10 Problems) - Part 109 | Printable Practice,Fun and engaging Addition worksheet for Grade 3. Perfect printable math practice.,https://mathworksheetkidsbank.github.io/html/grade-3-addition-practice-worksheet-10-problems-part-109-4012.html,https://mathworksheetkidsbank.github.io/images/grade-3-addition-practice-worksheet-10-problems-part-109-4012.jpg,Math Practice Printables,04/07/2026 04:29:00 PM
5 Free Count and Color Worksheets for Preschool,Fun and engaging Count and Color worksheet for Preschool. Perfect printable math practice.,https://mathworksheetkidsbank.github.io/html/5-free-count-and-color-worksheets-for-preschool-8388.html,https://mathworksheetkidsbank.github.io/images/5-free-count-and-color-worksheets-for-preschool-8388.jpg,Homeschool Math,04/07/2026 08:22:00 PM
Learn Counting With Pictures Worksheet (Kindergarten) - Part 111 | Printable Practice,Teachers and parents love this Counting Objects worksheet for Kindergarten. Download and print instantly.,https://mathworksheetkidsbank.github.io/html/learn-counting-with-pictures-worksheet-kindergarten-part-111-8195.html,https://mathworksheetkidsbank.github.io/images/learn-counting-with-pictures-worksheet-kindergarten-part-111-8195.jpg,Homeschool Math,04/08/2026 08:38:00 AM
Free 12 Division Math Worksheet For Grade 2 With Answers - Part 112 | Printable Practice,Printable Division worksheet designed for Grade 2 students. Easy and fun math practice.,https://mathworksheetkidsbank.github.io/html/free-12-division-math-worksheet-for-grade-2-with-answers-part-112-4102.html,https://mathworksheetkidsbank.github.io/images/free-12-division-math-worksheet-for-grade-2-with-answers-part-112-4102.jpg,Elementary Math Activities,04/08/2026 11:04:00 AM
Practice Math Challenge for Students (4 Questions),Free printable Math worksheet for Math. Perfect for homeschool practice and classroom activities.,https://mathworksheetkidsbank.github.io/html/practice-math-challenge-for-students-4-questions-8859.html,https://mathworksheetkidsbank.github.io/images/practice-math-challenge-for-students-4-questions-8859.jpg,Kids Math Worksheets,04/08/2026 01:26:00 PM
Missing Number Math Worksheet,Fun and engaging Missing Number worksheet for Grade 1. Perfect printable math practice.,https://mathworksheetkidsbank.github.io/html/missing-number-math-worksheet-1955.html,https://mathworksheetkidsbank.github.io/images/missing-number-math-worksheet-1955.jpg,Elementary Math Activities,04/08/2026 04:33:00 PM
Mixed Operations Math Worksheet,Teachers and parents love this Mixed Operations worksheet for Grade 3. Download and print instantly.,https://mathworksheetkidsbank.github.io/html/mixed-operations-math-worksheet-1588.html,https://mathworksheetkidsbank.github.io/images/mixed-operations-math-worksheet-1588.jpg,Math Practice Printables,04/08/2026 08:34:00 PM
Free 15 Multiplication Math Worksheet For Grade 2 - Part 116 | Printable Practice,Teachers and parents love this Multiplication worksheet for Grade 2. Download and print instantly.,https://mathworksheetkidsbank.github.io/html/free-15-multiplication-math-worksheet-for-grade-2-part-116-5214.html,https://mathworksheetkidsbank.github.io/images/free-15-multiplication-math-worksheet-for-grade-2-part-116-5214.jpg,Math Practice Printables,04/09/2026 08:26:00 AM
Free 15 Subtraction Math Worksheet For Grade 5 With Answers - Part 117 | Printable Practice,Free printable Subtraction worksheet for Grade 5. Perfect for homeschool practice and classroom activities.,https://mathworksheetkidsbank.github.io/html/free-15-subtraction-math-worksheet-for-grade-5-with-answers-part-117-7328.html,https://mathworksheetkidsbank.github.io/images/free-15-subtraction-math-worksheet-for-grade-5-with-answers-part-117-7328.jpg,Kids Math Worksheets,04/09/2026 11:00:00 AM
Printable 2 Times Table Worksheet For Grade 2 - Part 118 | Printable Practice,Teachers and parents love this Times Table worksheet for Grade 2. Download and print instantly.,https://mathworksheetkidsbank.github.io/html/printable-2-times-table-worksheet-for-grade-2-part-118-4090.html,https://mathworksheetkidsbank.github.io/images/printable-2-times-table-worksheet-for-grade-2-part-118-4090.jpg,Elementary Math Activities,04/09/2026 01:28:00 PM
Printable Tracing Worksheet For Kids - Part 119 | Free Printable,Printable Tracing worksheet designed for Preschool students. Easy and fun math practice.,https://mathworksheetkidsbank.github.io/html/printable-tracing-worksheet-for-kids-part-119-5573.html,https://mathworksheetkidsbank.github.io/images/printable-tracing-worksheet-for-kids-part-119-5573.jpg,Printable Worksheets,04/09/2026 04:23:00 PM
Math Word Problem Worksheet,Fun and engaging Word Problem worksheet for Grade 3. Perfect printable math practice.,https://mathworksheetkidsbank.github.io/html/math-word-problem-worksheet-9135.html,https://mathworksheetkidsbank.github.io/images/math-word-problem-worksheet-9135.jpg,Elementary Math Activities,04/09/2026 08:22:00 PM
Free 18 Addition Math Worksheet For Grade 5 - Part 121 | Printable Practice,Printable Addition worksheet designed for Grade 5 students. Easy and fun math practice.,https://mathworksheetkidsbank.github.io/html/free-18-addition-math-worksheet-for-grade-5-part-121-3998.html,https://mathworksheetkidsbank.github.io/images/free-18-addition-math-worksheet-for-grade-5-part-121-3998.jpg,Kids Math Worksheets,04/10/2026 08:30:00 AM
Fun Count and Color Objects Worksheet for Preschool,Printable Count and Color worksheet designed for Preschool students. Easy and fun math practice.,https://mathworksheetkidsbank.github.io/html/fun-count-and-color-objects-worksheet-for-preschool-6739.html,https://mathworksheetkidsbank.github.io/images/fun-count-and-color-objects-worksheet-for-preschool-6739.jpg,Printable Worksheets,04/10/2026 11:00:00 AM
Learn Counting With Pictures Worksheet (Kindergarten) - Part 123 | Printable Practice,Printable Counting Objects worksheet designed for Kindergarten students. Easy and fun math practice.,https://mathworksheetkidsbank.github.io/html/learn-counting-with-pictures-worksheet-kindergarten-part-123-7992.html,https://mathworksheetkidsbank.github.io/images/learn-counting-with-pictures-worksheet-kindergarten-part-123-7992.jpg,Math Practice Printables,04/10/2026 01:32:00 PM
Printable Free 11 Division Math Worksheet For Grade 1 - Part 124 | Printable Practice,Fun and engaging Division worksheet for Grade 1. Perfect printable math practice.,https://mathworksheetkidsbank.github.io/html/printable-free-11-division-math-worksheet-for-grade-1-part-124-5938.html,https://mathworksheetkidsbank.github.io/images/printable-free-11-division-math-worksheet-for-grade-1-part-124-5938.jpg,Homeschool Math,04/10/2026 04:30:00 PM
Complete Math Quiz Practice Worksheet for Teens,Printable Math worksheet designed for Math students. Easy and fun math practice.,https://mathworksheetkidsbank.github.io/html/complete-math-quiz-practice-worksheet-for-teens-5011.html,https://mathworksheetkidsbank.github.io/images/complete-math-quiz-practice-worksheet-for-teens-5011.jpg,Elementary Math Activities,04/10/2026 08:34:00 PM
Missing Number Math Worksheet,Free printable Missing Number worksheet for Grade 1. Perfect for homeschool practice and classroom activities.,https://mathworksheetkidsbank.github.io/html/missing-number-math-worksheet-6646.html,https://mathworksheetkidsbank.github.io/images/missing-number-math-worksheet-6646.jpg,Math Practice Printables,04/11/2026 08:22:00 AM
Mixed Operations Math Worksheet,Fun and engaging Mixed Operations worksheet for Grade 3. Perfect printable math practice.,https://mathworksheetkidsbank.github.io/html/mixed-operations-math-worksheet-4863.html,https://mathworksheetkidsbank.github.io/images/mixed-operations-math-worksheet-4863.jpg,Kids Math Worksheets,04/11/2026 11:08:00 AM
Grade 2 Multiplication Practice Worksheet (10 Problems) - Part 128 | Printable Practice,Teachers and parents love this Multiplication worksheet for Grade 2. Download and print instantly.,https://mathworksheetkidsbank.github.io/html/grade-2-multiplication-practice-worksheet-10-problems-part-128-1012.html,https://mathworksheetkidsbank.github.io/images/grade-2-multiplication-practice-worksheet-10-problems-part-128-1012.jpg,Math Practice Printables,04/11/2026 01:30:00 PM
Free 20 Subtraction Math Worksheet For Grade 5 - Part 129 | Printable Practice,Fun and engaging Subtraction worksheet for Grade 5. Perfect printable math practice.,https://mathworksheetkidsbank.github.io/html/free-20-subtraction-math-worksheet-for-grade-5-part-129-1168.html,https://mathworksheetkidsbank.github.io/images/free-20-subtraction-math-worksheet-for-grade-5-part-129-1168.jpg,Elementary Math Activities,04/11/2026 04:33:00 PM
5 Times Table Worksheet For Grade 2 With Answers - Part 130 | Printable Practice,Free printable Times Table worksheet for Grade 2. Perfect for homeschool practice and classroom activities.,https://mathworksheetkidsbank.github.io/html/5-times-table-worksheet-for-grade-2-with-answers-part-130-8044.html,https://mathworksheetkidsbank.github.io/images/5-times-table-worksheet-for-grade-2-with-answers-part-130-8044.jpg,Kids Math Worksheets,04/11/2026 08:30:00 PM
Printable Tracing Worksheet For Kids - Part 131 | Free Printable,Free printable Tracing worksheet for Kindergarten. Perfect for homeschool practice and classroom activities.,https://mathworksheetkidsbank.github.io/html/printable-tracing-worksheet-for-kids-part-131-7748.html,https://mathworksheetkidsbank.github.io/images/printable-tracing-worksheet-for-kids-part-131-7748.jpg,Printable Worksheets,04/12/2026 08:22:00 AM
Math Word Problem Worksheet,Printable Word Problem worksheet designed for Grade 3 students. Easy and fun math practice.,https://mathworksheetkidsbank.github.io/html/math-word-problem-worksheet-5399.html,https://mathworksheetkidsbank.github.io/images/math-word-problem-worksheet-5399.jpg,Kids Math Worksheets,04/12/2026 11:01:00 AM
Free 16 Addition Math Worksheet For Grade 5 With Answers - Part 133 | Printable Practice,Printable Addition worksheet designed for Grade 5 students. Easy and fun math practice.,https://mathworksheetkidsbank.github.io/html/free-16-addition-math-worksheet-for-grade-5-with-answers-part-133-8677.html,https://mathworksheetkidsbank.github.io/images/free-16-addition-math-worksheet-for-grade-5-with-answers-part-133-8677.jpg,Kids Math Worksheets,04/12/2026 01:27:00 PM
Free Grade 1 Count and Color Worksheet,Fun and engaging Count and Color worksheet for Grade 1. Perfect printable math practice.,https://mathworksheetkidsbank.github.io/html/free-grade-1-count-and-color-worksheet-6711.html,https://mathworksheetkidsbank.github.io/images/free-grade-1-count-and-color-worksheet-6711.jpg,Printable Worksheets,04/12/2026 04:24:00 PM
Learn Counting With Pictures Worksheet (Kindergarten) - Part 135 | Printable Practice,Printable Counting Objects worksheet designed for Kindergarten students. Easy and fun math practice.,https://mathworksheetkidsbank.github.io/html/learn-counting-with-pictures-worksheet-kindergarten-part-135-9535.html,https://mathworksheetkidsbank.github.io/images/learn-counting-with-pictures-worksheet-kindergarten-part-135-9535.jpg,Elementary Math Activities,04/12/2026 08:31:00 PM
Grade 2 Division Practice Worksheet (23 Problems) - Part 136 | Printable Practice,Printable Division worksheet designed for Grade 2 students. Easy and fun math practice.,https://mathworksheetkidsbank.github.io/html/grade-2-division-practice-worksheet-23-problems-part-136-7396.html,https://mathworksheetkidsbank.github.io/images/grade-2-division-practice-worksheet-23-problems-part-136-7396.jpg,Math Practice Printables,04/13/2026 08:38:00 AM
8 Math Knowledge Test for Teens,Teachers and parents love this Math worksheet for Math. Download and print instantly.,https://mathworksheetkidsbank.github.io/html/8-math-knowledge-test-for-teens-1209.html,https://mathworksheetkidsbank.github.io/images/8-math-knowledge-test-for-teens-1209.jpg,Elementary Math Activities,04/13/2026 11:06:00 AM
Missing Number Math Worksheet,Printable Missing Number worksheet designed for Grade 1 students. Easy and fun math practice.,https://mathworksheetkidsbank.github.io/html/missing-number-math-worksheet-6015.html,https://mathworksheetkidsbank.github.io/images/missing-number-math-worksheet-6015.jpg,Printable Worksheets,04/13/2026 01:30:00 PM
Mixed Operations Math Worksheet,Fun and engaging Mixed Operations worksheet for Grade 3. Perfect printable math practice.,https://mathworksheetkidsbank.github.io/html/mixed-operations-math-worksheet-5518.html,https://mathworksheetkidsbank.github.io/images/mixed-operations-math-worksheet-5518.jpg,Printable Worksheets,04/13/2026 04:23:00 PM
Printable Free 20 Multiplication Math Worksheet For Grade 2 - Part 140 | Printable Practice,Help kids master Multiplication with this printable worksheet for Grade 2. Great for daily math practice.,https://mathworksheetkidsbank.github.io/html/printable-free-20-multiplication-math-worksheet-for-grade-2-part-140-7098.html,https://mathworksheetkidsbank.github.io/images/printable-free-20-multiplication-math-worksheet-for-grade-2-part-140-7098.jpg,Kids Math Worksheets,04/13/2026 08:28:00 PM
Grade 3 Subtraction Practice Worksheet (27 Problems) - Part 141 | Printable Practice,Fun and engaging Subtraction worksheet for Grade 3. Perfect printable math practice.,https://mathworksheetkidsbank.github.io/html/grade-3-subtraction-practice-worksheet-27-problems-part-141-6136.html,https://mathworksheetkidsbank.github.io/images/grade-3-subtraction-practice-worksheet-27-problems-part-141-6136.jpg,Math Practice Printables,04/14/2026 08:25:00 AM
4 Times Table Worksheet For Grade 2 - Part 142 | Printable Practice,Free printable Times Table worksheet for Grade 2. Perfect for homeschool practice and classroom activities.,https://mathworksheetkidsbank.github.io/html/4-times-table-worksheet-for-grade-2-part-142-7246.html,https://mathworksheetkidsbank.github.io/images/4-times-table-worksheet-for-grade-2-part-142-7246.jpg,Kids Math Worksheets,04/14/2026 11:00:00 AM
Printable Tracing Worksheet For Kids - Part 143 | Free Printable,Free printable Tracing worksheet for Kindergarten. Perfect for homeschool practice and classroom activities.,https://mathworksheetkidsbank.github.io/html/printable-tracing-worksheet-for-kids-part-143-4920.html,https://mathworksheetkidsbank.github.io/images/printable-tracing-worksheet-for-kids-part-143-4920.jpg,Math Practice Printables,04/14/2026 01:38:00 PM
Math Word Problem Worksheet,Free printable Word Problem worksheet for Grade 3. Perfect for homeschool practice and classroom activities.,https://mathworksheetkidsbank.github.io/html/math-word-problem-worksheet-6608.html,https://mathworksheetkidsbank.github.io/images/math-word-problem-worksheet-6608.jpg,Kids Math Worksheets,04/14/2026 04:24:00 PM
Free 18 Addition Math Worksheet For Grade 3 - Part 145 | Printable Practice,Fun and engaging Addition worksheet for Grade 3. Perfect printable math practice.,https://mathworksheetkidsbank.github.io/html/free-18-addition-math-worksheet-for-grade-3-part-145-1104.html,https://mathworksheetkidsbank.github.io/images/free-18-addition-math-worksheet-for-grade-3-part-145-1104.jpg,Homeschool Math,04/14/2026 08:30:00 PM
Free Preschool Count and Color Worksheet,Printable Count and Color worksheet designed for Preschool students. Easy and fun math practice.,https://mathworksheetkidsbank.github.io/html/free-preschool-count-and-color-worksheet-6607.html,https://mathworksheetkidsbank.github.io/images/free-preschool-count-and-color-worksheet-6607.jpg,Math Practice Printables,04/15/2026 08:27:00 AM
Kindergarten Count The Objects Worksheet - Part 147 | Printable Practice,Printable Counting Objects worksheet designed for Kindergarten students. Easy and fun math practice.,https://mathworksheetkidsbank.github.io/html/kindergarten-count-the-objects-worksheet-part-147-8117.html,https://mathworksheetkidsbank.github.io/images/kindergarten-count-the-objects-worksheet-part-147-8117.jpg,Homeschool Math,04/15/2026 11:03:00 AM
Printable Free 23 Division Math Worksheet For Grade 2 - Part 148 | Printable Practice,Teachers and parents love this Division worksheet for Grade 2. Download and print instantly.,https://mathworksheetkidsbank.github.io/html/printable-free-23-division-math-worksheet-for-grade-2-part-148-6549.html,https://mathworksheetkidsbank.github.io/images/printable-free-23-division-math-worksheet-for-grade-2-part-148-6549.jpg,Kids Math Worksheets,04/15/2026 01:25:00 PM
Advanced General Math Quiz for Students (4 Questions),Teachers and parents love this Math worksheet for Math. Download and print instantly.,https://mathworksheetkidsbank.github.io/html/advanced-general-math-quiz-for-students-4-questions-6525.html,https://mathworksheetkidsbank.github.io/images/advanced-general-math-quiz-for-students-4-questions-6525.jpg,Math Practice Printables,04/15/2026 04:22:00 PM
Missing Number Math Worksheet,Teachers and parents love this Missing Number worksheet for Grade 1. Download and print instantly.,https://mathworksheetkidsbank.github.io/html/missing-number-math-worksheet-7451.html,https://mathworksheetkidsbank.github.io/images/missing-number-math-worksheet-7451.jpg,Printable Worksheets,04/15/2026 08:24:00 PM
Mixed Operations Math Worksheet,Free printable Mixed Operations worksheet for Grade 3. Perfect for homeschool practice and classroom activities.,https://mathworksheetkidsbank.github.io/html/mixed-operations-math-worksheet-6075.html,https://mathworksheetkidsbank.github.io/images/mixed-operations-math-worksheet-6075.jpg,Homeschool Math,04/16/2026 08:26:00 AM
Printable Free 27 Multiplication Math Worksheet For Grade 2 - Part 152 | Printable Practice,Teachers and parents love this Multiplication worksheet for Grade 2. Download and print instantly.,https://mathworksheetkidsbank.github.io/html/printable-free-27-multiplication-math-worksheet-for-grade-2-part-152-6580.html,https://mathworksheetkidsbank.github.io/images/printable-free-27-multiplication-math-worksheet-for-grade-2-part-152-6580.jpg,Math Practice Printables,04/16/2026 11:04:00 AM
Free 26 Subtraction Math Worksheet For Grade 5 With Answers - Part 153 | Printable Practice,Free printable Subtraction worksheet for Grade 5. Perfect for homeschool practice and classroom activities.,https://mathworksheetkidsbank.github.io/html/free-26-subtraction-math-worksheet-for-grade-5-with-answers-part-153-3778.html,https://mathworksheetkidsbank.github.io/images/free-26-subtraction-math-worksheet-for-grade-5-with-answers-part-153-3778.jpg,Homeschool Math,04/16/2026 01:38:00 PM
10 Times Table Worksheet For Grade 3 With Answers - Part 154 | Printable Practice,Help kids master Times Table with this printable worksheet for Grade 3. Great for daily math practice.,https://mathworksheetkidsbank.github.io/html/10-times-table-worksheet-for-grade-3-with-answers-part-154-4735.html,https://mathworksheetkidsbank.github.io/images/10-times-table-worksheet-for-grade-3-with-answers-part-154-4735.jpg,Elementary Math Activities,04/16/2026 04:27:00 PM
Printable Tracing Worksheet For Kids - Part 155 | Free Printable,Free printable Tracing worksheet for Kindergarten. Perfect for homeschool practice and classroom activities.,https://mathworksheetkidsbank.github.io/html/printable-tracing-worksheet-for-kids-part-155-7841.html,https://mathworksheetkidsbank.github.io/images/printable-tracing-worksheet-for-kids-part-155-7841.jpg,Elementary Math Activities,04/16/2026 08:35:00 PM
Math Word Problem Worksheet,Free printable Word Problem worksheet for Grade 3. Perfect for homeschool practice and classroom activities.,https://mathworksheetkidsbank.github.io/html/math-word-problem-worksheet-6651.html,https://mathworksheetkidsbank.github.io/images/math-word-problem-worksheet-6651.jpg,Homeschool Math,04/17/2026 08:22:00 AM
Grade 5 Addition Practice Worksheet (11 Problems) - Part 157 | Printable Practice,Fun and engaging Addition worksheet for Grade 5. Perfect printable math practice.,https://mathworksheetkidsbank.github.io/html/grade-5-addition-practice-worksheet-11-problems-part-157-2495.html,https://mathworksheetkidsbank.github.io/images/grade-5-addition-practice-worksheet-11-problems-part-157-2495.jpg,Math Practice Printables,04/17/2026 11:02:00 AM
"Count and Color Flower, Car, Apple Worksheet for Kids",Free printable Count and Color worksheet for Kindergarten. Perfect for homeschool practice and classroom activities.,https://mathworksheetkidsbank.github.io/html/count-and-color-flower-car-apple-worksheet-for-kids-6216.html,https://mathworksheetkidsbank.github.io/images/count-and-color-flower-car-apple-worksheet-for-kids-6216.jpg,Homeschool Math,04/17/2026 01:23:00 PM
Learn Counting With Pictures Worksheet (Kindergarten) - Part 159 | Printable Practice,Teachers and parents love this Counting Objects worksheet for Kindergarten. Download and print instantly.,https://mathworksheetkidsbank.github.io/html/learn-counting-with-pictures-worksheet-kindergarten-part-159-7449.html,https://mathworksheetkidsbank.github.io/images/learn-counting-with-pictures-worksheet-kindergarten-part-159-7449.jpg,Elementary Math Activities,04/17/2026 04:38:00 PM
Free 23 Division Math Worksheet For Grade 2 With Answers - Part 160 | Printable Practice,Printable Division worksheet designed for Grade 2 students. Easy and fun math practice.,https://mathworksheetkidsbank.github.io/html/free-23-division-math-worksheet-for-grade-2-with-answers-part-160-3879.html,https://mathworksheetkidsbank.github.io/images/free-23-division-math-worksheet-for-grade-2-with-answers-part-160-3879.jpg,Math Practice Printables,04/17/2026 08:27:00 PM
4 General Math Quiz for Students,Free printable Math worksheet for Math. Perfect for homeschool practice and classroom activities.,https://mathworksheetkidsbank.github.io/html/4-general-math-quiz-for-students-4719.html,https://mathworksheetkidsbank.github.io/images/4-general-math-quiz-for-students-4719.jpg,Homeschool Math,04/18/2026 08:34:00 AM
Missing Number Math Worksheet,Teachers and parents love this Missing Number worksheet for Grade 1. Download and print instantly.,https://mathworksheetkidsbank.github.io/html/missing-number-math-worksheet-6100.html,https://mathworksheetkidsbank.github.io/images/missing-number-math-worksheet-6100.jpg,Printable Worksheets,04/18/2026 11:06:00 AM
Mixed Operations Math Worksheet,Printable Mixed Operations worksheet designed for Grade 3 students. Easy and fun math practice.,https://mathworksheetkidsbank.github.io/html/mixed-operations-math-worksheet-8547.html,https://mathworksheetkidsbank.github.io/images/mixed-operations-math-worksheet-8547.jpg,Elementary Math Activities,04/18/2026 01:37:00 PM
Grade 2 Multiplication Practice Worksheet (18 Problems) - Part 164 | Printable Practice,Free printable Multiplication worksheet for Grade 2. Perfect for homeschool practice and classroom activities.,https://mathworksheetkidsbank.github.io/html/grade-2-multiplication-practice-worksheet-18-problems-part-164-2570.html,https://mathworksheetkidsbank.github.io/images/grade-2-multiplication-practice-worksheet-18-problems-part-164-2570.jpg,Kids Math Worksheets,04/18/2026 04:31:00 PM
Printable Free 28 Subtraction Math Worksheet For Grade 3 - Part 165 | Printable Practice,Printable Subtraction worksheet designed for Grade 3 students. Easy and fun math practice.,https://mathworksheetkidsbank.github.io/html/printable-free-28-subtraction-math-worksheet-for-grade-3-part-165-3575.html,https://mathworksheetkidsbank.github.io/images/printable-free-28-subtraction-math-worksheet-for-grade-3-part-165-3575.jpg,Kids Math Worksheets,04/18/2026 08:32:00 PM
4 Times Table Worksheet For Grade 2 - Part 166 | Printable Practice,Free printable Times Table worksheet for Grade 2. Perfect for homeschool practice and classroom activities.,https://mathworksheetkidsbank.github.io/html/4-times-table-worksheet-for-grade-2-part-166-2541.html,https://mathworksheetkidsbank.github.io/images/4-times-table-worksheet-for-grade-2-part-166-2541.jpg,Kids Math Worksheets,04/19/2026 08:27:00 AM
Printable Tracing Worksheet For Kids - Part 167 | Free Printable,Printable Tracing worksheet designed for Preschool students. Easy and fun math practice.,https://mathworksheetkidsbank.github.io/html/printable-tracing-worksheet-for-kids-part-167-9303.html,https://mathworksheetkidsbank.github.io/images/printable-tracing-worksheet-for-kids-part-167-9303.jpg,Math Practice Printables,04/19/2026 11:06:00 AM
Math Word Problem Worksheet,Fun and engaging Word Problem worksheet for Grade 3. Perfect printable math practice.,https://mathworksheetkidsbank.github.io/html/math-word-problem-worksheet-2176.html,https://mathworksheetkidsbank.github.io/images/math-word-problem-worksheet-2176.jpg,Elementary Math Activities,04/19/2026 01:34:00 PM
Printable Free 28 Addition Math Worksheet For Grade 5 - Part 169 | Printable Practice,Free printable Addition worksheet for Grade 5. Perfect for homeschool practice and classroom activities.,https://mathworksheetkidsbank.github.io/html/printable-free-28-addition-math-worksheet-for-grade-5-part-169-1009.html,https://mathworksheetkidsbank.github.io/images/printable-free-28-addition-math-worksheet-for-grade-5-part-169-1009.jpg,Elementary Math Activities,04/19/2026 04:22:00 PM
Preschool Count and Color Shapes Worksheet,Fun and engaging Count and Color worksheet for Preschool. Perfect printable math practice.,https://mathworksheetkidsbank.github.io/html/preschool-count-and-color-shapes-worksheet-9938.html,https://mathworksheetkidsbank.github.io/images/preschool-count-and-color-shapes-worksheet-9938.jpg,Elementary Math Activities,04/19/2026 08:30:00 PM
Learn Counting With Pictures Worksheet (Kindergarten) - Part 171 | Printable Practice,Printable Counting Objects worksheet designed for Kindergarten students. Easy and fun math practice.,https://mathworksheetkidsbank.github.io/html/learn-counting-with-pictures-worksheet-kindergarten-part-171-7888.html,https://mathworksheetkidsbank.github.io/images/learn-counting-with-pictures-worksheet-kindergarten-part-171-7888.jpg,Printable Worksheets,04/20/2026 08:37:00 AM
Printable Free 15 Division Math Worksheet For Grade 2 - Part 172 | Printable Practice,Help kids master Division with this printable worksheet for Grade 2. Great for daily math practice.,https://mathworksheetkidsbank.github.io/html/printable-free-15-division-math-worksheet-for-grade-2-part-172-4432.html,https://mathworksheetkidsbank.github.io/images/printable-free-15-division-math-worksheet-for-grade-2-part-172-4432.jpg,Math Practice Printables,04/20/2026 11:02:00 AM
8 Math Trivia Practice Worksheet,Teachers and parents love this Math worksheet for Math. Download and print instantly.,https://mathworksheetkidsbank.github.io/html/8-math-trivia-practice-worksheet-2967.html,https://mathworksheetkidsbank.github.io/images/8-math-trivia-practice-worksheet-2967.jpg,Homeschool Math,04/20/2026 01:31:00 PM
Missing Number Math Worksheet,Help kids master Missing Number with this printable worksheet for Grade 1. Great for daily math practice.,https://mathworksheetkidsbank.github.io/html/missing-number-math-worksheet-2160.html,https://mathworksheetkidsbank.github.io/images/missing-number-math-worksheet-2160.jpg,Math Practice Printables,04/20/2026 04:38:00 PM
Mixed Operations Math Worksheet,Teachers and parents love this Mixed Operations worksheet for Grade 3. Download and print instantly.,https://mathworksheetkidsbank.github.io/html/mixed-operations-math-worksheet-7148.html,https://mathworksheetkidsbank.github.io/images/mixed-operations-math-worksheet-7148.jpg,Homeschool Math,04/20/2026 08:34:00 PM
Free 19 Multiplication Math Worksheet For Grade 1 - Part 176 | Printable Practice,Fun and engaging Multiplication worksheet for Grade 1. Perfect printable math practice.,https://mathworksheetkidsbank.github.io/html/free-19-multiplication-math-worksheet-for-grade-1-part-176-2284.html,https://mathworksheetkidsbank.github.io/images/free-19-multiplication-math-worksheet-for-grade-1-part-176-2284.jpg,Math Practice Printables,04/21/2026 08:33:00 AM
Printable Free 17 Subtraction Math Worksheet For Grade 5 - Part 177 | Printable Practice,Fun and engaging Subtraction worksheet for Grade 5. Perfect printable math practice.,https://mathworksheetkidsbank.github.io/html/printable-free-17-subtraction-math-worksheet-for-grade-5-part-177-2734.html,https://mathworksheetkidsbank.github.io/images/printable-free-17-subtraction-math-worksheet-for-grade-5-part-177-2734.jpg,Homeschool Math,04/21/2026 11:06:00 AM
11 Times Table Worksheet For Grade 4 - Part 178 | Printable Practice,Printable Times Table worksheet designed for Grade 4 students. Easy and fun math practice.,https://mathworksheetkidsbank.github.io/html/11-times-table-worksheet-for-grade-4-part-178-3228.html,https://mathworksheetkidsbank.github.io/images/11-times-table-worksheet-for-grade-4-part-178-3228.jpg,Math Practice Printables,04/21/2026 01:34:00 PM
Printable Tracing Worksheet For Kids - Part 179 | Free Printable,Printable Tracing worksheet designed for Kindergarten students. Easy and fun math practice.,https://mathworksheetkidsbank.github.io/html/printable-tracing-worksheet-for-kids-part-179-3249.html,https://mathworksheetkidsbank.github.io/images/printable-tracing-worksheet-for-kids-part-179-3249.jpg,Printable Worksheets,04/21/2026 04:30:00 PM
Math Word Problem Worksheet,Fun and engaging Word Problem worksheet for Grade 3. Perfect printable math practice.,https://mathworksheetkidsbank.github.io/html/math-word-problem-worksheet-9388.html,https://mathworksheetkidsbank.github.io/images/math-word-problem-worksheet-9388.jpg,Math Practice Printables,04/21/2026 08:35:00 PM
Printable Free 13 Addition Math Worksheet For Grade 3 - Part 181 | Printable Practice,Teachers and parents love this Addition worksheet for Grade 3. Download and print instantly.,https://mathworksheetkidsbank.github.io/html/printable-free-13-addition-math-worksheet-for-grade-3-part-181-8744.html,https://mathworksheetkidsbank.github.io/images/printable-free-13-addition-math-worksheet-for-grade-3-part-181-8744.jpg,Kids Math Worksheets,04/22/2026 08:36:00 AM
5 Free Count and Color Worksheets for Preschool,Fun and engaging Count and Color worksheet for Preschool. Perfect printable math practice.,https://mathworksheetkidsbank.github.io/html/5-free-count-and-color-worksheets-for-preschool-7249.html,https://mathworksheetkidsbank.github.io/images/5-free-count-and-color-worksheets-for-preschool-7249.jpg,Homeschool Math,04/22/2026 11:05:00 AM
Learn Counting With Pictures Worksheet (Pre-K) - Part 183 | Printable Practice,Free printable Counting Objects worksheet for Pre-K. Perfect for homeschool practice and classroom activities.,https://mathworksheetkidsbank.github.io/html/learn-counting-with-pictures-worksheet-pre-k-part-183-6062.html,https://mathworksheetkidsbank.github.io/images/learn-counting-with-pictures-worksheet-pre-k-part-183-6062.jpg,Elementary Math Activities,04/22/2026 01:26:00 PM
Free 28 Division Math Worksheet For Grade 2 - Part 184 | Printable Practice,Free printable Division worksheet for Grade 2. Perfect for homeschool practice and classroom activities.,https://mathworksheetkidsbank.github.io/html/free-28-division-math-worksheet-for-grade-2-part-184-7851.html,https://mathworksheetkidsbank.github.io/images/free-28-division-math-worksheet-for-grade-2-part-184-7851.jpg,Printable Worksheets,04/22/2026 04:34:00 PM
4 Math Challenge Test Worksheet,Fun and engaging Math worksheet for Math. Perfect printable math practice.,https://mathworksheetkidsbank.github.io/html/4-math-challenge-test-worksheet-2747.html,https://mathworksheetkidsbank.github.io/images/4-math-challenge-test-worksheet-2747.jpg,Printable Worksheets,04/22/2026 08:24:00 PM
Missing Number Math Worksheet,Teachers and parents love this Missing Number worksheet for Grade 1. Download and print instantly.,https://mathworksheetkidsbank.github.io/html/missing-number-math-worksheet-2247.html,https://mathworksheetkidsbank.github.io/images/missing-number-math-worksheet-2247.jpg,Kids Math Worksheets,04/23/2026 08:36:00 AM
Mixed Operations Math Worksheet,Printable Mixed Operations worksheet designed for Grade 3 students. Easy and fun math practice.,https://mathworksheetkidsbank.github.io/html/mixed-operations-math-worksheet-2489.html,https://mathworksheetkidsbank.github.io/images/mixed-operations-math-worksheet-2489.jpg,Elementary Math Activities,04/23/2026 11:00:00 AM
Grade 2 Multiplication Practice Worksheet (19 Problems) - Part 188 | Printable Practice,Free printable Multiplication worksheet for Grade 2. Perfect for homeschool practice and classroom activities.,https://mathworksheetkidsbank.github.io/html/grade-2-multiplication-practice-worksheet-19-problems-part-188-6518.html,https://mathworksheetkidsbank.github.io/images/grade-2-multiplication-practice-worksheet-19-problems-part-188-6518.jpg,Math Practice Printables,04/23/2026 01:25:00 PM
Free 10 Subtraction Math Worksheet For Grade 2 With Answers - Part 189 | Printable Practice,Fun and engaging Subtraction worksheet for Grade 2. Perfect printable math practice.,https://mathworksheetkidsbank.github.io/html/free-10-subtraction-math-worksheet-for-grade-2-with-answers-part-189-5309.html,https://mathworksheetkidsbank.github.io/images/free-10-subtraction-math-worksheet-for-grade-2-with-answers-part-189-5309.jpg,Printable Worksheets,04/23/2026 04:38:00 PM
Grade 3 Multiplication Table 7 Practice - Part 190 | Printable Practice,Teachers and parents love this Times Table worksheet for Grade 3. Download and print instantly.,https://mathworksheetkidsbank.github.io/html/grade-3-multiplication-table-7-practice-part-190-6412.html,https://mathworksheetkidsbank.github.io/images/grade-3-multiplication-table-7-practice-part-190-6412.jpg,Kids Math Worksheets,04/23/2026 08:24:00 PM
Printable Tracing Worksheet For Kids - Part 191 | Free Printable,Free printable Tracing worksheet for Kindergarten. Perfect for homeschool practice and classroom activities.,https://mathworksheetkidsbank.github.io/html/printable-tracing-worksheet-for-kids-part-191-5245.html,https://mathworksheetkidsbank.github.io/images/printable-tracing-worksheet-for-kids-part-191-5245.jpg,Printable Worksheets,04/24/2026 08:22:00 AM
Math Word Problem Worksheet,Teachers and parents love this Word Problem worksheet for Grade 3. Download and print instantly.,https://mathworksheetkidsbank.github.io/html/math-word-problem-worksheet-4443.html,https://mathworksheetkidsbank.github.io/images/math-word-problem-worksheet-4443.jpg,Elementary Math Activities,04/24/2026 11:02:00 AM
Free 12 Addition Math Worksheet For Grade 3 - Part 193 | Printable Practice,Help kids master Addition with this printable worksheet for Grade 3. Great for daily math practice.,https://mathworksheetkidsbank.github.io/html/free-12-addition-math-worksheet-for-grade-3-part-193-9719.html,https://mathworksheetkidsbank.github.io/images/free-12-addition-math-worksheet-for-grade-3-part-193-9719.jpg,Elementary Math Activities,04/24/2026 01:28:00 PM
Printable Count and Color Worksheet for Preschool Kids,Help kids master Count and Color with this printable worksheet for Preschool. Great for daily math practice.,https://mathworksheetkidsbank.github.io/html/printable-count-and-color-worksheet-for-preschool-kids-7172.html,https://mathworksheetkidsbank.github.io/images/printable-count-and-color-worksheet-for-preschool-kids-7172.jpg,Homeschool Math,04/24/2026 04:22:00 PM
Pre-K Count The Objects Worksheet - Part 195 | Printable Practice,Printable Counting Objects worksheet designed for Pre-K students. Easy and fun math practice.,https://mathworksheetkidsbank.github.io/html/pre-k-count-the-objects-worksheet-part-195-7437.html,https://mathworksheetkidsbank.github.io/images/pre-k-count-the-objects-worksheet-part-195-7437.jpg,Elementary Math Activities,04/24/2026 08:32:00 PM
Printable Free 17 Division Math Worksheet For Grade 1 - Part 196 | Printable Practice,Free printable Division worksheet for Grade 1. Perfect for homeschool practice and classroom activities.,https://mathworksheetkidsbank.github.io/html/printable-free-17-division-math-worksheet-for-grade-1-part-196-3313.html,https://mathworksheetkidsbank.github.io/images/printable-free-17-division-math-worksheet-for-grade-1-part-196-3313.jpg,Math Practice Printables,04/25/2026 08:37:00 AM
Practice General Math Quiz Worksheet (7 Questions),Free printable Math worksheet for Math. Perfect for homeschool practice and classroom activities.,https://mathworksheetkidsbank.github.io/html/practice-general-math-quiz-worksheet-7-questions-8453.html,https://mathworksheetkidsbank.github.io/images/practice-general-math-quiz-worksheet-7-questions-8453.jpg,Elementary Math Activities,04/25/2026 11:05:00 AM
Missing Number Math Worksheet,Fun and engaging Missing Number worksheet for Grade 1. Perfect printable math practice.,https://mathworksheetkidsbank.github.io/html/missing-number-math-worksheet-5652.html,https://mathworksheetkidsbank.github.io/images/missing-number-math-worksheet-5652.jpg,Math Practice Printables,04/25/2026 01:35:00 PM
Mixed Operations Math Worksheet,Teachers and parents love this Mixed Operations worksheet for Grade 3. Download and print instantly.,https://mathworksheetkidsbank.github.io/html/mixed-operations-math-worksheet-7434.html,https://mathworksheetkidsbank.github.io/images/mixed-operations-math-worksheet-7434.jpg,Kids Math Worksheets,04/25/2026 04:36:00 PM
Grade 1 Multiplication Practice Worksheet (28 Problems) - Part 200 | Printable Practice,Teachers and parents love this Multiplication worksheet for Grade 1. Download and print instantly.,https://mathworksheetkidsbank.github.io/html/grade-1-multiplication-practice-worksheet-28-problems-part-200-3741.html,https://mathworksheetkidsbank.github.io/images/grade-1-multiplication-practice-worksheet-28-problems-part-200-3741.jpg,Kids Math Worksheets,04/25/2026 08:23:00 PM
